0,1,2,3,4,5,6,7,8,9,10,11,12
-624.8047,0.0,0.0,0.0,0.0,0.0,0.0,0.0,0.0,0.0,0.0,0.0,0.0
-624.8047,0.0,0.0,0.0,0.0,0.0,0.0,0.0,0.0,0.0,0.0,0.0,0.0
-624.8047,0.0,0.0,0.0,0.0,0.0,0.0,0.0,0.0,0.0,0.0,0.0,0.0
-624.8047,0.0,0.0,0.0,0.0,0.0,0.0,0.0,0.0,0.0,0.0,0.0,0.0
-624.8047,0.0,0.0,0.0,0.0,0.0,0.0,0.0,0.0,0.0,0.0,0.0,0.0
-624.8047,0.0,0.0,0.0,0.0,0.0,0.0,0.0,0.0,0.0,0.0,0.0,0.0
-624.8047,0.0,0.0,0.0,0.0,0.0,0.0,0.0,0.0,0.0,0.0,0.0,0.0
-624.8047,0.0,0.0,0.0,0.0,0.0,0.0,0.0,0.0,0.0,0.0,0.0,0.0
-624.8047,0.0,0.0,0.0,0.0,0.0,0.0,0.0,0.0,0.0,0.0,0.0,0.0
-624.8047,0.0,0.0,0.0,0.0,0.0,0.0,0.0,0.0,0.0,0.0,0.0,0.0
-624.8047,0.0,0.0,0.0,0.0,0.0,0.0,0.0,0.0,0.0,0.0,0.0,0.0
-624.8047,0.0,0.0,0.0,0.0,0.0,0.0,0.0,0.0,0.0,0.0,0.0,0.0
-624.70715,0.13151398,0.112789646,0.083533674,0.0464755,0.0050777644,-0.03679435,-0.07523067,-0.106640495,-0.12809268,-0.13758095,-0.1342226,-0.118327655
-624.8047,0.0,0.0,0.0,0.0,0.0,0.0,0.0,0.0,0.0,0.0,0.0,0.0
-624.8047,0.0,0.0,0.0,0.0,0.0,0.0,0.0,0.0,0.0,0.0,0.0,0.0
-624.8047,0.0,0.0,0.0,0.0,0.0,0.0,0.0,0.0,0.0,0.0,0.0,0.0
-624.8047,0.0,0.0,0.0,0.0,0.0,0.0,0.0,0.0,0.0,0.0,0.0,0.0
-624.8047,0.0,0.0,0.0,0.0,0.0,0.0,0.0,0.0,0.0,0.0,0.0,0.0
-624.8047,0.0,0.0,0.0,0.0,0.0,0.0,0.0,0.0,0.0,0.0,0.0,0.0
-624.8047,0.0,0.0,0.0,0.0,0.0,0.0,0.0,0.0,0.0,0.0,0.0,0.0
-624.8047,0.0,0.0,0.0,0.0,0.0,0.0,0.0,0.0,0.0,0.0,0.0,0.0
-624.6371,0.21823773,0.16475368,0.085122,-0.007989705,-0.09977469,-0.17564571,-0.22355752,-0.23592283,-0.21081617,-0.15227498,-0.06964955,0.02389218
-624.51514,0.37690607,0.2843005,0.14645882,-0.014641196,-0.17332149,-0.30430266,-0.38673776,-0.40753585,-0.3634445,-0.26156035,-0.11818569,0.04378262
-624.70715,0.1267873,0.09511879,0.04806267,-0.006768644,-0.06050499,-0.1044533,-0.13150395,-0.13728283,-0.120849624,-0.08486822,-0.035157494,0.020240758
-624.7083,0.12525514,0.09396931,0.047481854,-0.0066868514,-0.05977381,-0.10319101,-0.12991478,-0.13562004,-0.119389206,-0.08384262,-0.034732625,0.019996155
-624.5539,0.32602027,0.24458799,0.123588115,-0.017404884,-0.15558223,-0.26859072,-0.33814865,-0.3530054,-0.31075215,-0.21822976,-0.090403795,0.052046984
-624.70905,0.12429795,0.0932512,0.04711899,-0.00663577,-0.05931706,-0.10240248,-0.12892202,-0.13458744,-0.11847684,-0.08320187,-0.034467142,0.019843418
-624.8047,0.0,0.0,0.0,0.0,0.0,0.0,0.0,0.0,0.0,0.0,0.0,0.0
-624.8047,0.0,0.0,0.0,0.0,0.0,0.0,0.0,0.0,0.0,0.0,0.0,0.0
-624.8047,0.0,0.0,0.0,0.0,0.0,0.0,0.0,0.0,0.0,0.0,0.0,0.0
-624.8047,0.0,0.0,0.0,0.0,0.0,0.0,0.0,0.0,0.0,0.0,0.0,0.0
-624.8047,0.0,0.0,0.0,0.0,0.0,0.0,0.0,0.0,0.0,0.0,0.0,0.0
-624.8047,0.0,0.0,0.0,0.0,0.0,0.0,0.0,0.0,0.0,0.0,0.0,0.0
-624.6654,0.18785723,0.16111296,0.11932121,0.06638743,0.0072532,-0.052558243,-0.10746102,-0.15232909,-0.18297018,-0.19652568,-0.19172627,-0.16902372
-619.6587,-2.0284429,-5.524921,5.7595234,2.1332607,-6.7027426,2.017097,5.0187054,-5.115023,-1.9966886,5.4536858,-1.7523818,-4.329639
-586.24567,-10.683947,-32.067837,32.86075,8.797532,-24.022427,6.0792856,6.0505753,-12.9212475,0.07098931,9.286165,-7.278002,-7.4191747
-554.34985,-10.481512,-54.235756,38.94433,11.461466,-22.23794,-0.49139354,-11.518467,-8.461246,13.123495,11.301416,-6.1989136,-3.9410548
-543.70746,-9.630631,-73.01303,23.379803,16.622768,-6.7131395,1.3065674,-21.056778,-11.588104,15.098888,13.6078,-3.1652312,-3.5481558
-543.8124,-0.18027556,-73.520874,5.3820996,14.902563,1.6399598,7.068083,-14.973785,-12.104954,9.225822,10.729162,-1.8100216,-6.036899
-545.9717,17.269512,-58.378605,-5.201865,6.035913,-8.237476,4.2621775,-9.090384,-13.117562,9.465099,9.594885,-2.9286165,-5.120262
-546.121,30.530045,-42.057575,-3.6294327,7.451726,-7.4038935,2.032497,-8.587042,-13.1188965,10.543146,13.5222225,0.84881747,-3.3405523
-555.13995,27.343884,-41.674774,-8.031916,11.824637,-1.7885053,-1.5740099,-10.682943,-10.5289,11.902348,13.884659,3.9119282,0.6347923
-561.51807,18.286554,-47.89637,-10.144995,10.227512,-3.8905578,-3.624649,-11.002584,-6.6542816,16.179487,16.128534,6.5249453,-2.076727
-565.3457,13.524912,-48.350414,-4.0903845,16.142803,-5.2693167,-8.918803,-14.281574,-7.8367033,17.216122,18.159557,4.169339,-5.999359
-568.1843,10.108631,-51.219704,-4.696425,20.25962,-0.1712985,-7.362524,-16.322178,-12.125067,13.488205,15.993542,2.2694187,-4.2211604
-572.66364,7.6244545,-52.63732,-7.0814247,24.793476,6.9060555,-3.0956333,-12.260236,-14.53627,5.331339,13.398626,1.8202474,-6.1946907
-580.2036,6.256212,-46.556908,-7.472911,21.944471,6.4410563,-2.3552196,-8.8208065,-13.951598,0.6271046,12.373396,3.0802205,-7.7274427
-585.9546,2.6348002,-42.551865,-2.0935493,22.742558,3.7952678,-5.094538,-9.157703,-10.001873,5.398528,11.779106,-1.5908041,-10.685255
-565.4292,30.22446,-20.125605,17.287529,46.745453,29.952232,13.972854,2.4644156,0.1605905,17.11342,23.427246,6.4999123,-7.9678698
-547.0781,58.031292,4.493867,32.07165,58.63949,42.72159,19.560375,-1.2505022,-6.7006035,10.405516,17.093388,-0.77943027,-17.530806
-532.1416,85.91542,37.13923,55.076084,69.861115,47.077393,19.94957,-2.4806402,-12.049091,-1.7182661,3.9123628,-9.551401,-23.893028
-532.3148,92.54916,46.545006,55.894455,69.22062,47.934906,17.122288,-4.6680613,-11.110994,-0.9626925,5.6151056,-6.5063667,-20.987143
-545.6751,81.75954,40.099327,40.832695,54.649364,41.86905,14.362622,-4.6396008,-7.421587,4.2757607,13.776344,6.168283,-5.8740253
-559.78076,72.30586,41.462227,35.172714,43.83294,40.58486,20.508953,-1.3416998,-6.2995043,6.857457,15.832108,7.3369904,-3.327484
-572.3941,59.613686,35.405945,29.991566,40.728172,42.63107,24.88742,2.9684827,-2.0880315,10.443872,19.787144,10.9713955,-4.7169156
-582.59,48.988625,30.904324,27.26939,36.94082,39.131645,23.827497,5.1601806,1.2270466,10.160633,14.170897,4.3331833,-7.914009
-595.4469,36.734406,28.330503,25.556347,27.819366,26.153723,16.797928,6.8474207,4.1215706,6.4740176,5.7722893,-0.10910767,-4.8246
-605.2771,26.226421,23.47859,21.694563,20.987305,19.3134,15.553709,11.2766285,8.756072,8.056647,7.196311,5.028984,2.794543
-610.9309,19.424118,18.907791,18.190392,17.286278,16.126215,14.715908,13.192538,11.690893,10.214483,8.699543,7.1728363,5.765007
-616.3648,11.87052,11.676306,11.357872,10.922914,10.381809,9.747267,9.033868,8.257598,7.4352875,6.5841007,5.7209864,4.8622017
-618.7249,8.5623255,8.455894,8.282185,8.046503,7.7558455,7.4185605,7.043852,6.6413307,6.2204885,5.790272,5.358624,4.9321737
-614.3165,14.75215,14.513535,14.124084,13.595722,12.94422,12.188433,11.349282,10.448753,9.508778,8.550293,7.592252,6.6509457
-613.5261,15.863646,15.605708,15.182823,14.605213,13.886618,13.043753,12.095678,11.063072,9.967505,8.830672,7.6736956,6.5164843
-612.5251,17.267801,16.975092,16.493782,15.833483,15.007267,14.0312805,12.924306,11.707247,10.402559,9.03368,7.624432,6.198462
-613.74066,15.567488,15.330708,14.940979,14.4055,13.734103,12.938953,12.034268,11.035929,9.961106,8.827826,7.654559,6.4598083
-621.18744,5.105556,5.0755386,5.0257425,4.9565215,4.8683476,4.7618456,4.6377516,4.4969263,4.34033,4.169044,3.9842281,3.7871327
-623.55084,1.7691376,1.7569398,1.7366846,1.7084901,1.6725123,1.6289585,1.5780703,1.5201349,1.4554856,1.384478,1.3075103,1.2250156
-624.5397,0.37409818,0.37198484,0.36847135,0.36356923,0.35730243,0.34968898,0.34075934,0.33054543,0.3190909,0.30643368,0.292623,0.27770948
-624.8047,0.0,0.0,0.0,0.0,0.0,0.0,0.0,0.0,0.0,0.0,0.0,0.0
-624.31726,0.68842435,0.68572444,0.6812341,0.6749656,0.66694456,0.65719056,0.64573646,0.63261664,0.61787766,0.601561,0.5837198,0.5644084
-624.261,0.76824355,0.76615214,0.7626747,0.7578156,0.7515903,0.74401003,0.7350967,0.7248677,0.71335125,0.7005712,0.68656135,0.67135155
-624.72565,0.11175209,0.11152485,0.11114648,0.11061747,0.10993858,0.10911068,0.10813491,0.10701609,0.10574524,0.10433457,0.102782525,0.101091176
-622.89215,1.9985662,0.2701545,-1.5370984,-2.4695249,-2.095017,-0.7119317,0.8709485,1.8267872,1.7659321,0.8908894,-0.20730595,-0.9454025
-486.9481,102.6748,12.333168,-23.572338,-81.9434,-38.82663,15.477773,-8.802044,-7.15157,-5.3984795,-20.741756,-12.701538,-6.4652877
-355.3157,156.81784,-10.174301,5.954856,-82.71418,-37.236794,19.078508,-15.384311,1.6421388,-12.219141,-22.101559,-10.36378,-11.097015
-304.46255,178.68005,-16.084114,31.12949,-58.53769,-28.954185,14.194386,-13.52062,7.9413633,-17.430393,-24.259777,-19.2144,-22.874928
-303.5859,183.33691,-14.890953,48.511505,-25.71687,-26.57787,10.521643,-3.2854505,7.2748814,-20.342056,-25.580696,-27.150425,-30.706686
-289.62067,182.22449,-34.029873,48.78061,-14.052013,-23.294842,19.685194,8.579384,3.997403,-28.788752,-25.247232,-17.953684,-19.195515
-270.36456,174.9805,-57.098766,49.965576,-9.138222,-15.248851,23.802597,1.5483608,-12.385572,-41.373413,-18.0365,-11.097959,-14.506657
-286.79483,167.08344,-55.57131,50.65526,-1.2067739,-13.752924,15.484037,-13.6229725,-29.200405,-44.000984,-9.257027,-5.526911,-18.433004
-340.48187,154.03046,-39.501907,42.374214,12.580353,-7.8418984,5.9779716,-16.674572,-13.247234,-27.501608,-16.270506,-1.1298225,-19.521994
-372.7781,141.12506,-37.451633,25.19853,15.547852,9.455797,3.7964897,-16.957285,13.3727665,-14.051493,-28.616776,5.113808,-15.301716
-375.12704,139.39523,-39.319904,22.766392,16.637367,9.693267,1.3121967,-16.527084,14.694826,-12.432774,-25.317327,4.378606,-19.782951
-387.27142,136.90546,-35.222298,19.485949,17.171389,7.03241,-3.4247456,-17.008245,12.432863,-13.032608,-24.2372,1.0830451,-22.995792
-410.07333,133.59348,-23.219704,17.582726,18.611,5.5271363,-2.8858383,-14.762344,7.425432,-12.000742,-23.140118,0.7017697,-17.905088
-433.75208,131.35338,-4.997387,17.142685,14.083074,2.8615265,1.2860126,-6.866337,5.682184,-11.556344,-20.930258,-0.9262507,-14.507449
-466.31296,129.07309,17.813583,14.74054,15.052607,7.364217,10.831888,4.2998047,1.3169496,-4.9209576,-11.902493,-9.489077,-12.408816
-508.60342,114.06362,36.64069,12.613049,16.452015,14.177486,8.864714,5.5568724,4.997033,2.0056756,-6.2149067,-10.411126,-7.734688
-517.92773,104.32421,25.455402,-3.4381385,6.5754795,8.332584,-2.1488845,-3.474358,8.165158,13.375738,1.5179994,-9.352725,-8.64038
-350.87592,115.464905,-52.323994,54.01603,-6.8358755,2.8271303,8.803609,-47.84201,-4.2849617,-3.0553856,-0.6313072,7.9364796,-21.552256
-260.91074,163.4649,-46.354183,80.59839,-7.547234,10.598829,16.847582,-41.82843,6.7990623,-5.556936,2.2634206,2.5112877,-26.186478
-239.46196,192.90768,-28.31682,79.461624,-15.69991,7.0022645,17.604853,-40.050896,6.037818,-10.15933,-1.9196403,6.8297625,-20.424835
-229.85536,212.53409,-30.382189,59.738247,-20.236614,4.101346,18.789093,-41.963203,-3.0653286,-18.78572,-8.040371,15.139959,-17.515772
-225.45416,213.84402,-56.284447,41.582474,-8.154061,-4.0858974,5.570472,-46.3654,-11.210346,-21.775597,-14.358003,12.64024,-16.101574
-224.85023,193.65149,-76.71731,49.92933,-2.54046,-12.139883,-1.3590989,-45.30967,-15.4304695,-27.287868,-9.459303,10.964907,-18.96251
-239.62802,187.95767,-68.84659,55.337685,1.6646342,-14.440758,-1.097133,-34.93149,-14.5171795,-31.738878,-6.428705,10.101532,-22.807224
-312.1701,170.58746,-42.23604,41.118317,8.067532,-10.179627,-1.1206763,-21.630428,-11.656549,-33.20273,-11.732506,10.593758,-22.60122
-414.748,130.34906,-10.718235,26.148872,11.190504,13.233818,9.463545,-12.503433,8.497955,-16.835793,-24.487799,5.824743,-18.599064
-404.22745,146.90842,-5.6539702,13.231558,2.1424277,15.91486,14.0862465,-9.849436,8.464565,-22.308706,-32.009518,5.9927454,-14.097401
-327.51862,178.15128,-21.15715,24.041294,-13.905855,-8.212712,8.306292,0.40530965,8.45074,-41.393997,-30.03457,2.393456,-22.577732
-286.77844,185.39542,-30.727833,37.81989,-28.869244,-24.103172,6.6883364,3.0968964,11.385128,-42.203606,-21.653576,-0.11380613,-28.35519
-290.99936,179.21762,-24.235878,48.597664,-37.23595,-33.813454,5.9699893,0.8789965,13.456839,-33.796043,-14.249596,0.049675763,-33.7824
-315.97183,163.65863,-19.44727,59.486095,-31.395725,-41.6613,2.2153778,-6.72772,5.7939725,-25.353134,-5.6938505,5.303042,-34.680866
-340.50824,150.35704,-15.192455,64.054474,-23.162785,-41.768158,-2.3315666,-16.397913,-6.6633873,-21.4202,0.45569205,6.4419746,-28.627121
-339.73706,155.82294,-12.027968,58.164604,-21.86424,-33.880608,-2.73039,-22.950157,-13.323433,-23.394386,-4.3633537,1.5828537,-17.851826
-340.46164,162.32875,-4.4954867,51.457947,-24.154861,-28.591137,-9.869603,-26.367184,-10.604355,-29.94865,-7.5258207,2.4521337,-18.753206
-345.02112,158.26892,-0.9612713,55.18512,-26.511532,-29.926495,-11.054874,-27.379738,-9.621401,-28.213255,-6.4579544,-1.5412884,-21.070341
-346.40128,154.42505,-0.7065135,60.943356,-28.048607,-36.961807,-10.388463,-21.464893,-7.1995506,-24.78354,-3.7902849,-5.1671157,-23.398441
-340.38342,153.02023,-4.9056816,70.96663,-23.595533,-43.116558,-6.1145186,-15.2337675,-7.6247835,-25.619637,-3.2306151,0.24721289,-21.49611
-319.67673,158.95001,-12.836231,78.815994,-27.351799,-56.82837,-4.7679987,-11.89283,-3.7858338,-19.979317,-0.54905427,3.5199,-26.106195
-293.8744,175.46558,-18.679836,74.365616,-37.906666,-71.29843,-5.6088686,-7.030405,-2.5056903,-26.288786,-5.2573037,6.172795,-30.424921
-279.48224,184.67937,-21.688305,66.09341,-44.791622,-73.21176,-8.3223295,-0.7121235,3.547096,-30.828854,-11.304928,-2.950192,-33.393314
-271.7039,192.87589,-24.52916,57.640465,-37.442745,-62.12243,-8.763123,5.1391525,8.726824,-30.073101,-8.604522,-11.607388,-40.324425
-260.49237,214.49829,-25.457127,33.977943,-33.581223,-47.21801,-3.1315846,5.668909,-9.052819,-39.16456,2.6867883,-8.486373,-40.596813
-266.25876,216.0903,-23.338566,19.856865,-39.727272,-38.50258,0.19274002,5.7745023,-14.514017,-43.676292,10.377788,-8.460152,-41.721813
-243.30795,209.9588,-38.312973,32.899635,-47.925293,-49.45121,0.15676498,3.792838,-5.108408,-37.649456,6.714117,-11.960237,-35.407883
-221.90868,208.90427,-56.146652,35.50539,-53.446945,-55.65213,1.9489918,-3.5458713,1.1433363,-29.97711,-5.5238376,-11.8029375,-22.031279
-214.1895,212.29883,-61.700214,25.595844,-59.596798,-50.450066,3.2945967,-10.521522,-2.4457414,-31.676495,-7.0129733,-7.30387,-14.6367235
-223.18938,217.96584,-46.733692,22.24313,-59.011658,-38.618324,6.5935016,-11.978164,-3.174029,-31.847378,-8.556925,-9.064893,-11.764628
-247.12155,191.04753,-38.657806,47.934303,-50.239044,-22.040802,21.059978,-17.012897,-0.78048456,-26.996721,-10.213087,-5.714936,-13.786316
-273.48132,129.51314,-55.565277,87.45373,-41.778564,-9.486796,31.44278,-25.782528,2.4553714,-18.83881,1.0254948,-4.785721,-23.507872
-319.34518,74.70219,-65.9984,106.21999,-37.865124,-11.293024,27.980228,-29.838303,3.2536998,-14.376327,13.008996,1.2713736,-24.405476
-351.09082,43.713394,-76.68945,103.68589,-38.480644,-15.619213,25.58217,-21.984436,6.45901,-21.489428,8.367838,-0.088514924,-21.443663
-341.3469,37.941246,-88.959526,100.38109,-39.65296,-12.608524,16.638798,-25.181574,7.6271973,-31.980423,4.6525745,-4.4833307,-25.443777
-325.69,43.77857,-94.99195,94.811676,-45.617416,-14.848669,7.3443165,-33.06878,4.08278,-42.162766,-6.008235,-15.786845,-33.966698
-316.05222,51.85691,-94.600464,90.20607,-48.140892,-14.479258,3.5693696,-30.967272,11.142311,-40.45308,-3.7041025,-10.39241,-32.4915
-317.5717,49.84926,-93.7838,94.6673,-44.199688,-10.059231,7.7880173,-31.61813,10.410605,-37.967285,1.0713594,-4.9096384,-30.929035
-324.2187,46.233612,-95.11594,92.86155,-43.908592,-10.853334,9.061695,-28.4688,15.093198,-35.28411,3.074553,-1.002286,-32.94684
-330.41666,43.827858,-93.12147,92.8109,-37.903763,-1.9968874,9.916234,-28.527916,16.90038,-37.65386,2.755557,0.9509013,-33.438637
-335.31808,40.791763,-92.49716,89.745255,-41.983852,-4.573609,5.4525647,-28.136883,20.922367,-38.32819,2.281086,1.6749663,-34.086876
-341.29324,42.931396,-85.83646,88.95421,-39.19421,1.3986979,10.465687,-23.053553,25.021933,-34.623093,2.1709073,1.1344178,-31.027937
-334.95886,51.1707,-79.929535,88.73195,-44.860268,-3.0235848,4.250521,-32.49447,22.344341,-32.414963,4.88348,8.224456,-23.311821
-299.56638,100.21825,-46.7014,98.49939,-47.704674,-10.800331,2.5267243,-27.193636,24.626564,-35.89936,-6.345991,-9.958084,-43.82398
-277.54752,150.38605,-23.668941,87.15354,-52.582462,-34.56264,0.78408873,-10.356963,21.30204,-33.774483,-6.6882725,-13.602586,-48.624474
-279.39362,176.68011,-12.266518,73.23633,-49.92905,-57.42965,-11.554501,-0.7326366,16.119287,-29.928267,-0.63041484,-7.815525,-40.971172
-288.24783,190.43578,-4.1988096,56.236465,-45.659973,-54.566887,-16.629105,0.71152955,14.351547,-30.235508,0.5111319,-4.4552584,-37.230267
-350.15897,185.66034,15.2585335,35.29197,-24.777874,-41.184235,-15.637179,3.7373989,8.326928,-22.134684,-2.3441668,-5.345978,-28.919937
-468.0085,148.84543,50.943726,21.200935,-1.7519693,-21.608921,-10.779825,7.187011,1.514549,-8.217429,-0.2855594,-6.424054,-19.741165
-517.75104,122.468185,64.87492,20.965324,-1.6255777,-8.406969,-1.4005985,7.2327433,6.094581,-0.2256949,-6.579958,-14.692251,-21.803453
-445.59448,148.49811,30.29373,18.441631,11.581451,5.649719,1.5243683,3.0462842,-8.123322,-29.650608,-14.022249,-8.713585,-10.934044
-333.89795,178.77502,-14.22357,21.78128,-1.0927094,6.7366095,-10.692276,-18.556543,-3.0272655,-33.438408,0.9421846,0.24823567,-21.986233
-281.745,179.31122,-54.523117,26.206184,-7.826869,-7.530985,-10.815041,-20.374508,1.1967386,-26.466402,9.244044,6.4531336,-28.058987
-263.70966,159.25958,-98.77412,19.35503,-17.31828,-19.730028,-3.8714647,-15.356304,15.637263,-10.934247,6.7501802,7.666313,-28.71364
-263.30273,142.54367,-121.06183,22.098053,-9.377552,-19.84282,-3.8445063,-10.959692,31.571905,0.3165521,5.4297934,10.684144,-25.294218
-275.58722,136.30298,-117.90376,30.898668,5.414651,-10.956005,1.1065751,-9.561893,35.646095,7.972204,5.229473,11.364803,-22.326845
-278.9191,143.21803,-108.54822,29.992992,7.4588428,-3.2659087,10.558682,-8.152948,31.604195,9.053063,4.7155695,6.2678003,-28.42324
-267.87045,160.07794,-101.18884,22.555977,5.0178394,-2.0910153,0.7146431,-18.200294,26.939636,8.822203,6.5861244,-0.3706603,-30.916725
-261.04395,179.44194,-75.81385,33.908936,12.85227,7.648678,-5.8673306,-29.947079,15.24457,-8.63361,-1.170053,-6.704588,-35.633774
-271.07397,180.37192,-51.50682,50.886116,13.941401,7.108148,-14.993834,-36.15197,11.903973,-21.225239,-5.747423,-7.0299196,-38.289246
-264.82205,174.75461,-55.320126,63.45797,11.197407,-5.657913,-22.303146,-42.058304,12.9082775,-25.308811,-17.772846,-3.3590715,-28.428154
-265.35233,169.1751,-59.63214,66.250916,14.932556,-2.5714884,-22.421698,-43.310257,13.314032,-25.741594,-23.143873,-8.727062,-26.568722
-279.82175,166.3537,-48.664173,67.42759,17.132282,8.090131,-13.915821,-44.249805,12.05661,-18.52664,-24.835821,-14.211405,-23.615868
-304.8636,135.3413,-48.43107,76.23903,6.8896174,21.258217,10.012465,-40.10486,11.852138,-13.183584,-12.477188,-6.1608925,-24.752085
-330.17453,91.091705,-72.05753,67.708206,-11.469595,22.172699,16.632076,-32.392014,20.203508,-9.746501,4.2263803,5.6282625,-18.432953
-362.9595,69.46051,-72.60777,57.356804,-25.422684,9.267197,6.568621,-39.85759,5.9040184,-23.699093,1.0813024,7.7461796,-16.18919
-349.56735,70.924225,-81.783875,66.43056,-20.24384,-0.9058532,0.91257226,-47.03621,-1.5451791,-30.059582,-9.186764,4.3603683,-19.2573
-310.09436,87.116974,-88.422134,74.25397,-16.704039,7.7293653,7.0966167,-46.23345,1.6236124,-22.632135,-0.40348667,-0.11787099,-21.512749
-286.3682,130.15034,-56.465637,86.79964,2.4468029,18.544231,6.025153,-47.83812,-1.051211,-19.098316,-4.7797074,-13.99584,-27.80179
-288.1302,158.94989,-46.932167,79.89192,34.145103,9.914501,-19.53406,-44.897667,2.4599094,-22.625763,-23.63055,-14.71855,-15.142971
-272.47617,156.81183,-74.89232,88.92066,49.87787,-10.384613,-16.673557,-43.05159,-10.784069,-22.971745,-31.984026,-12.530376,-12.702799
-276.5954,160.0806,-75.770164,87.00743,54.70262,-16.643032,-9.924498,-30.909264,-9.490681,-14.279721,-33.097816,-21.010607,-16.607492
-337.99396,149.98175,-48.430183,72.06493,52.679787,-18.25905,-9.242054,-20.025341,-5.672544,-5.377735,-31.783737,-25.695904,-18.117294
-429.53326,124.117134,-12.403826,33.922462,28.114641,3.5121002,3.9928052,-11.299665,4.4940124,-0.4886148,-24.99157,-17.57272,-21.950893
-452.36414,124.52666,0.70115435,15.835168,24.59113,18.461067,0.06045103,-13.306513,12.017365,-5.5571737,-28.36153,-9.417007,-22.54195
-453.9631,123.2343,3.695021,15.666235,20.88515,23.90118,2.9093149,-16.844929,15.793545,-1.6823016,-26.2864,-6.991023,-26.409233
-435.53125,126.011765,-5.2402344,14.759098,14.413053,25.53067,4.3572626,-20.853775,21.285912,1.6634429,-25.55552,-3.5986805,-26.839355
-428.1424,124.35562,-8.449321,19.44191,13.9377,29.208801,7.163472,-24.929802,19.878487,-0.0829497,-25.297123,0.3181666,-25.107254
-436.3546,121.30963,-5.6100264,20.586178,17.048523,30.587738,9.440689,-20.722164,18.699902,-2.4157825,-23.271603,3.3864148,-23.337776
-431.48358,123.64041,-7.964793,18.819567,17.71436,34.655888,13.799762,-17.623531,18.06527,-10.038628,-27.836273,5.530633,-22.526997
-408.85602,123.35451,-19.361116,28.579983,13.767826,26.36587,18.190699,-11.077236,12.223047,-18.385221,-20.296831,5.2774305,-24.85247
-311.85184,173.185,-36.28002,30.31283,-18.372591,-15.099628,16.134037,-8.194991,-12.438194,-33.143196,-6.040221,6.151078,-12.943927
-240.93869,199.90033,-53.166134,33.35162,-45.840866,-27.061123,29.056099,-14.507639,-21.852566,-36.469337,2.3010507,12.908331,-17.357609
-215.28052,204.54431,-64.29497,31.849401,-59.66796,-32.644775,30.332542,-13.410461,-12.522318,-34.767708,4.117461,18.040987,-19.619814
-216.52426,200.81299,-67.716484,29.892075,-66.626045,-43.836258,22.665886,-10.174089,-3.2855833,-35.16911,-1.2667344,16.442879,-21.487335
-224.74419,203.3547,-59.364,29.869835,-67.57633,-48.214813,19.832262,-8.108187,2.5037882,-32.49852,-3.0255241,16.8937,-25.401478
-248.18265,208.28175,-32.316063,32.861862,-66.09248,-50.709827,11.14299,-9.514887,2.6808062,-31.685993,-5.6142883,8.750362,-31.39628
-292.7632,198.30115,-5.417388,33.92804,-58.852325,-40.931927,5.8550243,-14.460737,3.196159,-23.488855,-8.409536,-3.0736952,-33.687683
-331.88538,156.63797,-5.2999563,54.410233,-46.751373,-21.85907,16.599998,-18.665083,10.484172,-15.112568,-19.32586,-7.8926525,-24.959805
-323.08636,126.906815,-35.152794,73.08301,-35.435394,-13.127802,20.310926,-29.398766,8.327585,-12.188204,-15.653664,-6.2807727,-23.14241
-308.75833,129.38641,-49.400467,67.82444,-33.18802,-10.264315,23.356064,-27.058157,12.021573,-8.355032,-13.082898,-6.5932636,-22.929203
-283.99304,155.05554,-42.556267,58.751987,-42.58356,-12.023367,19.462101,-29.599495,12.09446,-9.742046,-11.672153,-9.728174,-26.685452
-266.54724,186.89604,-23.870052,50.230576,-60.827747,-35.123116,12.649319,-18.038109,13.626081,-15.660301,-12.219089,-7.3236423,-25.487818
-259.69226,198.51062,-16.085917,46.973064,-76.17342,-52.656715,15.779963,-1.8634568,11.883064,-28.629223,-10.115149,1.0711746,-23.651913
-252.69997,189.90152,-34.600483,42.89489,-74.593094,-47.38164,20.072124,-2.969391,12.271862,-26.467163,-6.378561,5.626995,-22.512312
-266.0032,182.43875,-39.35666,40.19532,-64.38934,-45.60582,18.483248,0.8763061,14.71139,-25.025837,-10.128002,9.122042,-14.913326
-281.88177,187.02325,-30.69878,31.798069,-55.093735,-40.68413,12.8447895,1.6808944,13.318062,-27.245396,-12.239658,7.982395,-13.759274
-311.37552,190.26419,-14.539009,24.860271,-37.527832,-32.74876,5.283224,0.15998885,8.308314,-20.425495,-10.724013,-4.415201,-13.180903
-341.26532,184.33632,-9.324466,21.694715,-15.090322,-25.590393,-0.36073768,-3.8342168,1.8426511,-7.2252555,-5.560359,-11.271828,-11.665487
-345.74075,191.55576,1.926593,18.877323,-12.465958,-18.082981,0.13962966,-5.729315,-2.9987612,-3.3271887,4.578985,-14.253916,-16.846247
-360.7824,178.52657,-6.53383,12.35014,-2.8741693,-2.6386137,1.6627451,-10.850903,1.0380983,1.0828011,3.4799004,-10.391855,-15.414653
-359.7238,180.90048,-7.0813637,6.554416,-10.528616,-7.4125853,5.0129743,-5.186619,1.3354785,-0.47913712,4.0968704,-9.962978,-15.585888
-370.52307,173.35971,-8.514919,4.30258,-6.741884,-0.44223928,3.296626,-15.446731,-3.7244754,3.285458,4.640442,-12.828489,-20.0335
-376.0285,157.15346,-19.057827,12.475919,-0.7019553,4.363786,9.433954,-17.026947,-3.1496973,5.8620915,4.3484144,-11.7260895,-21.099863
-387.99445,156.04279,-13.067067,12.728654,2.3522913,1.8855364,10.954578,-10.499027,-2.8701677,7.813101,3.9041297,-17.217083,-22.204567
-381.2363,151.50336,-23.141808,13.187737,-0.25572598,0.15193677,14.949552,-8.404352,-2.1263695,8.342745,5.669895,-14.09671,-18.334772
-395.59094,157.51952,-9.254223,4.664653,-3.732169,-2.7144198,13.330542,-1.0372038,-4.1841283,5.11585,8.707259,-12.575056,-17.914778
-410.51172,134.03398,-18.368633,12.559921,-1.8367102,2.3259823,20.056566,-8.027682,-8.636786,6.713112,10.630357,-5.2792325,-13.622344
-422.21234,143.76068,-1.5031642,12.642021,4.894956,1.4894398,13.827586,-12.050235,-13.061796,10.090872,9.748106,-8.835581,-13.678856
-457.5686,130.9237,0.820178,2.465998,18.828617,4.78884,1.0195014,-8.820125,-11.3304405,9.640686,13.683616,-11.067394,-19.636017
-485.24426,96.8008,-20.455479,-6.5776668,13.078214,-0.14877212,6.1638966,6.579898,0.76640147,14.113211,15.155288,-10.226106,-17.100899
-510.0881,95.13533,-1.6058855,-15.138048,3.1880107,0.8802116,1.7912574,3.2652206,-3.1001065,5.676559,12.6225815,-7.2571807,-15.264965
-539.0921,78.051315,8.453976,-13.469809,-3.7797155,1.2744982,0.79516697,-5.0141897,-10.895231,-0.7703179,9.817438,-2.4279437,-12.766807
-575.6172,46.64659,7.7598715,-5.887514,2.617437,9.6702,7.688877,0.95551825,-2.7771888,1.7088672,5.1133637,-2.0060024,-7.165467
-616.93945,8.151505,3.7083483,3.190853,5.0376754,6.2144346,6.4443593,5.413273,3.5123634,2.7627347,2.5971024,1.0401216,0.25298992
-621.058,5.280238,5.225243,5.1345577,5.0096216,4.8523955,4.665332,4.451306,4.2135563,3.9556205,3.6812367,3.3942819,3.098679
-622.7245,2.9360447,2.9187183,2.8899565,2.8499336,2.798882,2.7371116,2.6649866,2.5829382,2.4914303,2.3910146,2.2822666,2.165812
-624.46106,0.48568788,0.48470032,0.48305586,0.4807549,0.47780615,0.47420803,0.4699672,0.46508768,0.45958138,0.4534505,0.44670513,0.43935272
-624.65405,0.21284562,0.2124324,0.21174681,0.21078606,0.20955515,0.20805201,0.20628238,0.20424849,0.20194617,0.19938555,0.19656989,0.19349977
-624.8047,0.0,0.0,0.0,0.0,0.0,0.0,0.0,0.0,0.0,0.0,0.0,0.0
-624.8047,0.0,0.0,0.0,0.0,0.0,0.0,0.0,0.0,0.0,0.0,0.0,0.0
-624.8047,0.0,0.0,0.0,0.0,0.0,0.0,0.0,0.0,0.0,0.0,0.0,0.0
-624.8047,0.0,0.0,0.0,0.0,0.0,0.0,0.0,0.0,0.0,0.0,0.0,0.0
-624.8047,0.0,0.0,0.0,0.0,0.0,0.0,0.0,0.0,0.0,0.0,0.0,0.0
-624.8047,0.0,0.0,0.0,0.0,0.0,0.0,0.0,0.0,0.0,0.0,0.0,0.0
-624.8047,0.0,0.0,0.0,0.0,0.0,0.0,0.0,0.0,0.0,0.0,0.0,0.0
-624.8047,0.0,0.0,0.0,0.0,0.0,0.0,0.0,0.0,0.0,0.0,0.0,0.0
-624.8047,0.0,0.0,0.0,0.0,0.0,0.0,0.0,0.0,0.0,0.0,0.0,0.0
-624.8047,0.0,0.0,0.0,0.0,0.0,0.0,0.0,0.0,0.0,0.0,0.0,0.0
-624.8047,0.0,0.0,0.0,0.0,0.0,0.0,0.0,0.0,0.0,0.0,0.0,0.0
-624.8047,0.0,0.0,0.0,0.0,0.0,0.0,0.0,0.0,0.0,0.0,0.0,0.0
-624.8047,0.0,0.0,0.0,0.0,0.0,0.0,0.0,0.0,0.0,0.0,0.0,0.0
-624.8047,0.0,0.0,0.0,0.0,0.0,0.0,0.0,0.0,0.0,0.0,0.0,0.0
-624.8047,0.0,0.0,0.0,0.0,0.0,0.0,0.0,0.0,0.0,0.0,0.0,0.0
-624.8047,0.0,0.0,0.0,0.0,0.0,0.0,0.0,0.0,0.0,0.0,0.0,0.0
-624.8047,0.0,0.0,0.0,0.0,0.0,0.0,0.0,0.0,0.0,0.0,0.0,0.0
-624.8047,0.0,0.0,0.0,0.0,0.0,0.0,0.0,0.0,0.0,0.0,0.0,0.0
-624.8047,0.0,0.0,0.0,0.0,0.0,0.0,0.0,0.0,0.0,0.0,0.0,0.0
-624.8047,0.0,0.0,0.0,0.0,0.0,0.0,0.0,0.0,0.0,0.0,0.0,0.0
-624.8047,0.0,0.0,0.0,0.0,0.0,0.0,0.0,0.0,0.0,0.0,0.0,0.0
-624.8047,0.0,0.0,0.0,0.0,0.0,0.0,0.0,0.0,0.0,0.0,0.0,0.0
-624.8047,0.0,0.0,0.0,0.0,0.0,0.0,0.0,0.0,0.0,0.0,0.0,0.0
-624.8047,0.0,0.0,0.0,0.0,0.0,0.0,0.0,0.0,0.0,0.0,0.0,0.0
-624.8047,0.0,0.0,0.0,0.0,0.0,0.0,0.0,0.0,0.0,0.0,0.0,0.0
-624.8047,0.0,0.0,0.0,0.0,0.0,0.0,0.0,0.0,0.0,0.0,0.0,0.0
-624.8047,0.0,0.0,0.0,0.0,0.0,0.0,0.0,0.0,0.0,0.0,0.0,0.0
-624.8047,0.0,0.0,0.0,0.0,0.0,0.0,0.0,0.0,0.0,0.0,0.0,0.0
-624.8047,0.0,0.0,0.0,0.0,0.0,0.0,0.0,0.0,0.0,0.0,0.0,0.0
-624.8047,0.0,0.0,0.0,0.0,0.0,0.0,0.0,0.0,0.0,0.0,0.0,0.0
-624.8047,0.0,0.0,0.0,0.0,0.0,0.0,0.0,0.0,0.0,0.0,0.0,0.0
-624.8047,0.0,0.0,0.0,0.0,0.0,0.0,0.0,0.0,0.0,0.0,0.0,0.0
-624.8047,0.0,0.0,0.0,0.0,0.0,0.0,0.0,0.0,0.0,0.0,0.0,0.0
-624.8047,0.0,0.0,0.0,0.0,0.0,0.0,0.0,0.0,0.0,0.0,0.0,0.0
-624.8047,0.0,0.0,0.0,0.0,0.0,0.0,0.0,0.0,0.0,0.0,0.0,0.0
-624.8047,0.0,0.0,0.0,0.0,0.0,0.0,0.0,0.0,0.0,0.0,0.0,0.0
-624.8047,0.0,0.0,0.0,0.0,0.0,0.0,0.0,0.0,0.0,0.0,0.0,0.0
-624.8047,0.0,0.0,0.0,0.0,0.0,0.0,0.0,0.0,0.0,0.0,0.0,0.0
-624.8047,0.0,0.0,0.0,0.0,0.0,0.0,0.0,0.0,0.0,0.0,0.0,0.0
-624.8047,0.0,0.0,0.0,0.0,0.0,0.0,0.0,0.0,0.0,0.0,0.0,0.0
-624.8047,0.0,0.0,0.0,0.0,0.0,0.0,0.0,0.0,0.0,0.0,0.0,0.0
-624.8047,0.0,0.0,0.0,0.0,0.0,0.0,0.0,0.0,0.0,0.0,0.0,0.0
